{
  "NULL": {
    "the": 0.3937765703727467,
    "dog": 0.012197753406279724,
    "cat": 0.2871444032320618,
    "eat": 0.000038131215578814055,
    "mouse": 0.000038131215578814055,
    "I": 0.15254521679427308,
    "love": 0.15254521679427308,
    "my": 0.0003101940570042823,
    "and": 0.00015509702850214114,
    "this": 0.00029541301584393853,
    "is": 0.00029541301584393853,
    "cake": 0.0006584598520136777
  },
  "le": {
    "the": 0.8549581264642597,
    "dog": 0.0006890871309522397,
    "cat": 0.09181091802226442,
    "eat": 0.00008278956922248606,
    "mouse": 0.00008278956922248606,
    "this": 0.0006413935656964379,
    "is": 0.0006413935656964379,
    "I": 0.024831935036567214,
    "love": 0.024831935036567214,
    "cake": 0.0014296320395514057
  },
  "chien": {
    "the": 0.003934976373006492,
    "dog": 0.9525269750333766,
    "I": 0.003160045112353342,
    "love": 0.003160045112353342,
    "my": 0.02422316609872643,
    "and": 0.012111583049363215,
    "cat": 0.0008832092208206141
  },
  "chat": {
    "the": 0.11734933655949178,
    "cat": 0.8410887779263586,
    "eat": 0.00011169201680769596,
    "mouse": 0.00011169201680769596,
    "I": 0.019095256150824105,
    "love": 0.019095256150824105,
    "my": 0.0009086046511409756,
    "dog": 0.00005446464750183157,
    "and": 0.0004543023255704878,
    "this": 0.0008653087773363748,
    "is": 0.0008653087773363748
  },
  "mange": {
    "the": 0.25774054624191334,
    "cat": 0.036891015566266096,
    "eat": 0.3526842190959103,
    "mouse": 0.3526842190959103
  },
  "la": {
    "the": 0.25774054624191334,
    "cat": 0.036891015566266096,
    "eat": 0.3526842190959103,
    "mouse": 0.3526842190959103
  },
  "souris": {
    "the": 0.25774054624191334,
    "cat": 0.036891015566266096,
    "eat": 0.3526842190959103,
    "mouse": 0.3526842190959103
  },
  "j'aime": {
    "I": 0.4949722251842405,
    "love": 0.4949722251842405,
    "my": 0.0010065044703525636,
    "dog": 0.00006033307348573605,
    "and": 0.0005032522351762818,
    "cat": 0.004415040902524887,
    "this": 0.0009585435772650926,
    "is": 0.0009585435772650926,
    "the": 0.00001678930008395459,
    "cake": 0.002136542495365425
  },
  "mon": {
    "I": 0.07023873643621065,
    "love": 0.07023873643621065,
    "my": 0.5384114842562902,
    "dog": 0.032274093759186474,
    "and": 0.2692057421281451,
    "cat": 0.01963120698395698
  },
  "et": {
    "I": 0.07023873643621065,
    "love": 0.07023873643621065,
    "my": 0.5384114842562902,
    "dog": 0.032274093759186474,
    "and": 0.2692057421281451,
    "cat": 0.01963120698395698
  },
  "c'est": {
    "this": 0.40385088349856707,
    "is": 0.40385088349856707,
    "the": 0.0070736206814648196,
    "cat": 0.013325430175330414,
    "I": 0.08594959107303528,
    "love": 0.08594959107303528
  },
  "que": {
    "this": 0.40385088349856707,
    "is": 0.40385088349856707,
    "the": 0.0070736206814648196,
    "cat": 0.013325430175330414,
    "I": 0.08594959107303528,
    "love": 0.08594959107303528
  },
  "gâteau": {
    "I": 0.1374040508068999,
    "love": 0.1374040508068999,
    "cake": 0.7251918983862002
  }
}