{
  "NULL": {
    "le": 0.5972707684389226,
    "chien": 0.007086939109690981,
    "chat": 0.3321385402342867,
    "mange": 0.011705807548528598,
    "la": 0.0007576284904756961,
    "souris": 0.0007576284904756961,
    "j'aime": 0.017618187034812667,
    "mon": 0.007496740798460581,
    "et": 0.00019794908830182955,
    "c'est": 0.00005464144401518348,
    "que": 0.00005464144401518348,
    "gâteau": 0.023212022276957428,
    "aimes": 0.0008242528005283402,
    "de": 0.0008242528005283402
  },
  "the": {
    "le": 0.8468716703721566,
    "chien": 0.0016679170695936875,
    "chat": 0.13163067597251882,
    "mange": 0.00101353294215838,
    "la": 0.008750689914125009,
    "souris": 0.008750689914125009,
    "c'est": 0.0006311145093509798,
    "que": 0.0006311145093509798,
    "j'aime": 0.000052594796620835945
  },
  "dog": {
    "le": 0.0021393618305050447,
    "chien": 0.9600511368614096,
    "j'aime": 0.0008936284833547549,
    "mon": 0.009850438615136951,
    "et": 0.026815702001020517,
    "chat": 0.00024973220857304194
  },
  "cat": {
    "le": 0.01676441352546349,
    "chat": 0.9177279710405043,
    "mange": 0.032344174823325106,
    "la": 0.0020933940905391046,
    "souris": 0.0020933940905391046,
    "j'aime": 0.0019492541760364132,
    "mon": 0.020714153550306893,
    "chien": 0.00004240911896328587,
    "et": 0.0005469507243826997,
    "c'est": 0.00015097911105228933,
    "que": 0.00015097911105228933,
    "aimes": 0.0022774829133642336,
    "de": 0.0022774829133642336,
    "gâteau": 0.0008669608111065723
  },
  "eat": {
    "le": 0.00002696639727836044,
    "chat": 0.02192048555211375,
    "mange": 0.7517684160945065,
    "la": 0.04865629029964525,
    "souris": 0.04865629029964525,
    "mon": 0.0029509240577519297,
    "aimes": 0.052935025605520075,
    "de": 0.052935025605520075,
    "gâteau": 0.02015057608801886
  },
  "mouse": {
    "le": 0.0002616156326305755,
    "chat": 0.0009830025204457216,
    "mange": 0.05467330541668546,
    "la": 0.4720410382151191,
    "souris": 0.4720410382151191
  },
  "I": {
    "j'aime": 0.9065173899448538,
    "mon": 0.0037414059074499595,
    "chien": 0.0007897315303844341,
    "et": 0.010185173452567217,
    "chat": 0.010767186168480289,
    "c'est": 0.0028114935500222816,
    "le": 0.05797087692262505,
    "que": 0.0028114935500222816,
    "gâteau": 0.004405248973594681
  },
  "love": {
    "j'aime": 0.31134757901123933,
    "mon": 0.13248196840364093,
    "chien": 0.00027123693685456165,
    "et": 0.0034981448027811765,
    "chat": 0.08954532265451023,
    "c'est": 0.0009656204281513033,
    "le": 0.01991036507762504,
    "que": 0.0009656204281513033,
    "gâteau": 0.4102015108368097,
    "aimes": 0.01456614766494681,
    "mange": 0.0016803360903430349,
    "de": 0.01456614766494681
  },
  "my": {
    "j'aime": 0.0006501972301809535,
    "mon": 0.7389180445780758,
    "chien": 0.001512823740565827,
    "et": 0.019510899094181848,
    "chat": 0.03662427328802594,
    "aimes": 0.08124267384694295,
    "mange": 0.009372072841847367,
    "de": 0.08124267384694295,
    "gâteau": 0.030926341533236333
  },
  "and": {
    "j'aime": 0.022403037203780413,
    "mon": 0.24694797321143838,
    "chien": 0.05212548588253168,
    "et": 0.6722627811941208,
    "chat": 0.006260722508128794
  },
  "this": {
    "c'est": 0.469675427467921,
    "le": 0.00912848644477711,
    "chat": 0.012379610173381891,
    "que": 0.469675427467921,
    "j'aime": 0.03914104844599884
  },
  "is": {
    "c'est": 0.469675427467921,
    "le": 0.00912848644477711,
    "chat": 0.012379610173381891,
    "que": 0.469675427467921,
    "j'aime": 0.03914104844599884
  },
  "cake": {
    "j'aime": 0.0938810728279224,
    "le": 0.3075889088988846,
    "gâteau": 0.598530018273193,
    "mon": 0.125,
    "chat": 0.125,
    "aimes": 0.125,
    "mange": 0.125,
    "de": 0.125
  },
  "cake.": {
    "mon": 0.021801115521525333,
    "chat": 0.002057381755465249,
    "aimes": 0.39107838283036545,
    "mange": 0.045114407456149634,
    "de": 0.39107838283036545,
    "gâteau": 0.1488703296061289
  }
}