{
  "NULL": {
    "the": 0.4013257802178583,
    "dog": 0.03190170156131603,
    "cat": 0.2885868564161602,
    "eat": 0.00042584884289897804,
    "mouse": 0.00042584884289897804,
    "I": 0.1335566555589049,
    "love": 0.1335566555589049,
    "my": 0.00206216381270722,
    "and": 0.00103108190635361,
    "this": 0.0018957679972850733,
    "is": 0.0018957679972850733,
    "cake": 0.0033358712874268924
  },
  "le": {
    "the": 0.7513461406883317,
    "dog": 0.005423964724379465,
    "cat": 0.14672332804390237,
    "eat": 0.0007972572418723008,
    "mouse": 0.0007972572418723008,
    "this": 0.003549181334992656,
    "is": 0.003549181334992656,
    "I": 0.0407842020174993,
    "love": 0.0407842020174993,
    "cake": 0.0062452853546578185
  },
  "chien": {
    "the": 0.020994052683390226,
    "dog": 0.8713823107602758,
    "I": 0.009332361756229875,
    "love": 0.009332361756229875,
    "my": 0.05632718570917851,
    "and": 0.028163592854589255,
    "cat": 0.0044681344801061765
  },
  "chat": {
    "the": 0.18663579336014044,
    "cat": 0.7252465288986568,
    "eat": 0.0010701991039488616,
    "mouse": 0.0010701991039488616,
    "I": 0.0340545965258964,
    "love": 0.0340545965258964,
    "my": 0.005182416017691452,
    "dog": 0.000565967798617542,
    "and": 0.002591208008845726,
    "this": 0.00476424732817862,
    "is": 0.00476424732817862
  },
  "mange": {
    "the": 0.2687747550913583,
    "cat": 0.060078034619264274,
    "eat": 0.33557360514468876,
    "mouse": 0.33557360514468876
  },
  "la": {
    "the": 0.2687747550913583,
    "cat": 0.060078034619264274,
    "eat": 0.33557360514468876,
    "mouse": 0.33557360514468876
  },
  "souris": {
    "the": 0.2687747550913583,
    "cat": 0.060078034619264274,
    "eat": 0.33557360514468876,
    "mouse": 0.33557360514468876
  },
  "j'aime": {
    "I": 0.4720694815477587,
    "love": 0.4720694815477587,
    "my": 0.0072889261703763895,
    "dog": 0.0007960182055726512,
    "and": 0.0036444630851881947,
    "cat": 0.018566688609432162,
    "this": 0.006700783363195918,
    "is": 0.006700783363195918,
    "the": 0.0003724002876424764,
    "cake": 0.011790973819879175
  },
  "mon": {
    "I": 0.08202465086309213,
    "love": 0.08202465086309213,
    "my": 0.495074865567836,
    "dog": 0.054066757832598566,
    "and": 0.247537432783918,
    "cat": 0.03927164208946308
  },
  "et": {
    "I": 0.08202465086309213,
    "love": 0.08202465086309213,
    "my": 0.495074865567836,
    "dog": 0.054066757832598566,
    "and": 0.247537432783918,
    "cat": 0.03927164208946308
  },
  "c'est": {
    "this": 0.3726196162563095,
    "is": 0.3726196162563095,
    "the": 0.020708571633167375,
    "cat": 0.03165780426566103,
    "I": 0.1011971957942763,
    "love": 0.1011971957942763
  },
  "que": {
    "this": 0.3726196162563095,
    "is": 0.3726196162563095,
    "the": 0.020708571633167375,
    "cat": 0.03165780426566103,
    "I": 0.1011971957942763,
    "love": 0.1011971957942763
  },
  "gâteau": {
    "I": 0.1735326328738877,
    "love": 0.1735326328738877,
    "cake": 0.6529347342522245
  }
}