{
  "NULL": {
    "le": 0.7044056328376334,
    "chien": 0.028188310652375627,
    "chat": 0.21923573930735413,
    "mange": 0.0022409946292827002,
    "la": 0.0022409946292827002,
    "souris": 0.0022409946292827002,
    "j'aime": 0.03545519127022137,
    "mon": 0.001276245007497166,
    "et": 0.000638122503748583,
    "c'est": 0.0009354938446937884,
    "que": 0.0009354938446937884,
    "g창teau": 0.002206786843934285
  },
  "the": {
    "le": 0.7117163064630193,
    "chien": 0.011088592022228949,
    "chat": 0.24320346089714112,
    "mange": 0.00873755384494701,
    "la": 0.00873755384494701,
    "souris": 0.00873755384494701,
    "c'est": 0.0036474553454172213,
    "que": 0.0036474553454172213,
    "j'aime": 0.0004840683919350202
  },
  "dog": {
    "le": 0.018034433426140518,
    "chien": 0.9140596366966091,
    "j'aime": 0.002658127343414292,
    "mon": 0.041384674032972094,
    "et": 0.020692337016486047,
    "chat": 0.003170791484378014
  },
  "cat": {
    "le": 0.10629718379558833,
    "chat": 0.8403150792279414,
    "mange": 0.008589573877893343,
    "la": 0.008589573877893343,
    "souris": 0.008589573877893343,
    "j'aime": 0.012492961028260856,
    "mon": 0.004891756827502216,
    "chien": 0.0006170556203582822,
    "et": 0.002445878413751108,
    "c'est": 0.0035856817264590156,
    "que": 0.0035856817264590156
  },
  "eat": {
    "le": 0.004620725997613553,
    "chat": 0.012782541278413325,
    "mange": 0.3275322442413244,
    "la": 0.3275322442413244,
    "souris": 0.3275322442413244
  },
  "mouse": {
    "le": 0.004620725997613553,
    "chat": 0.012782541278413325,
    "mange": 0.3275322442413244,
    "la": 0.3275322442413244,
    "souris": 0.3275322442413244
  },
  "I": {
    "j'aime": 0.7147005563211571,
    "mon": 0.025726360066950747,
    "chien": 0.0032451725689681475,
    "et": 0.012863180033475374,
    "chat": 0.0583121545869325,
    "c'est": 0.018857548000290183,
    "le": 0.10295339421234538,
    "que": 0.018857548000290183,
    "g창teau": 0.044484086209590386
  },
  "love": {
    "j'aime": 0.7147005563211571,
    "mon": 0.025726360066950747,
    "chien": 0.0032451725689681475,
    "et": 0.012863180033475374,
    "chat": 0.0583121545869325,
    "c'est": 0.018857548000290183,
    "le": 0.10295339421234538,
    "que": 0.018857548000290183,
    "g창teau": 0.044484086209590386
  },
  "my": {
    "j'aime": 0.03634982694534297,
    "mon": 0.5659344135694039,
    "chien": 0.07138805606277067,
    "et": 0.28296720678470194,
    "chat": 0.04336049663778055
  },
  "and": {
    "j'aime": 0.03634982694534297,
    "mon": 0.5659344135694039,
    "chien": 0.07138805606277067,
    "et": 0.28296720678470194,
    "chat": 0.04336049663778055
  },
  "this": {
    "c'est": 0.44174764950523543,
    "le": 0.019523090205055812,
    "chat": 0.03835551283765553,
    "que": 0.44174764950523543,
    "j'aime": 0.05862609794681782
  },
  "is": {
    "c'est": 0.44174764950523543,
    "le": 0.019523090205055812,
    "chat": 0.03835551283765553,
    "que": 0.44174764950523543,
    "j'aime": 0.05862609794681782
  },
  "cake": {
    "j'aime": 0.09166632657219857,
    "le": 0.1566451304841271,
    "g창teau": 0.7516885429436743
  }
}